drink_name,ingredient_name,measurement_oz,measurement_ml
'57 Chevy with a White License Plate,Creme De Cacao White,1 oz white,30.0
'57 Chevy with a White License Plate,Vodka,1 oz,30.0
1-900-FUK-MEUP,Grand Marnier,1/4 oz,7.5
1-900-FUK-MEUP,Midori Melon Liqueur,1/4 oz,7.5
1-900-FUK-MEUP,Malibu Rum,1/4 oz,7.5
1-900-FUK-MEUP,Amaretto,1/4 oz,7.5
1-900-FUK-MEUP,Cranberry Juice,1/2 oz,15.0
1-900-FUK-MEUP,Pineapple Juice,1/4 oz,7.5
1-900-FUK-MEUP,Chambord Raspberry Liqueur,1/4 oz,7.5
1-900-FUK-MEUP,Absolut Kurant,1/2 oz,15.0
110 in the shade,Tequila,1.5 oz,45.0
110 in the shade,Lager,16 oz,480.0
151 Florida Bushwacker,Dark Creme De Cacao,1 oz,30.0
151 Florida Bushwacker,Coconut Liqueur,1 oz,30.0
151 Florida Bushwacker,Light Rum,1/2 oz,15.0
151 Florida Bushwacker,Milk,3 oz,90.0
151 Florida Bushwacker,Cointreau,1 oz,30.0
151 Florida Bushwacker,Malibu Rum,1/2 oz,15.0
151 Florida Bushwacker,151 Proof Rum,1/2 oz bacardi,15.0
155 Belmont,Light Rum,2 shots,50.0
155 Belmont,Orange Juice,1 shot,25.0
155 Belmont,Vodka,1 shot,25.0
155 Belmont,Dark Rum,1 shot,25.0
24k nightmare,Jägermeister,1/2 oz,15.0
24k nightmare,Goldschlager,1/2 oz,15.0
24k nightmare,151 Proof Rum,1/2 oz bacardi,15.0
24k nightmare,Rumple Minze,1/2 oz,15.0
252,Wild Turkey,1/2 shot,12.5
252,151 Proof Rum,1/2 shot bacardi,12.5
3 Wise Men,Jim Beam,1/3 oz,10.0
3 Wise Men,Johnnie Walker,1/3 oz,10.0
3 Wise Men,Jack Daniels,1/3 oz,10.0
3-Mile Long Island Iced Tea,Light Rum,1/2 oz,15.0
3-Mile Long Island Iced Tea,Vodka,1/2 oz,15.0
3-Mile Long Island Iced Tea,Sweet And Sour,1-2 dash,30.0
3-Mile Long Island Iced Tea,Triple Sec,1/2 oz,15.0
3-Mile Long Island Iced Tea,Bitters,1 wedge,1.0
3-Mile Long Island Iced Tea,Gin,1/2 oz,15.0
3-Mile Long Island Iced Tea,Tequila,1/2 oz,15.0
410 Gone,Peach Vodka,2-3 oz,75.0
50/50,Vanilla Vodka,2 1/2 oz,75.0
50/50,Grand Marnier,1 splash,6.0
69 Special,7-Up,4 oz,120.0
69 Special,Gin Dry,2 oz dry,60.0
69 Special,Lemon Juice,0.75 oz,22.5
747,Bailey'S Irish Cream,1/3 part,10.0
747,Kahlua,1/3 part,10.0
747,Frangelico,1/3 part,10.0
9 1/2 Weeks,Orange Curacao,1/2 oz,15.0
9 1/2 Weeks,Strawberry Liqueur,1 splash,6.0
9 1/2 Weeks,Orange Juice,1 oz,30.0
9 1/2 Weeks,Absolut Citron,2 oz,60.0
A Day at the Beach,Grenadine,1/2 oz,15.0
A Day at the Beach,Amaretto,1/2 oz,15.0
A Day at the Beach,Orange Juice,4 oz,120.0
A Day at the Beach,Coconut Rum,1 oz,30.0
A Furlong Too Late,Ginger Beer,4 oz,120.0
A Furlong Too Late,Light Rum,2 oz,60.0
A Gilligan's Island,Peach Schnapps,1 oz,30.0
A Gilligan's Island,Cranberry Juice,3 oz,90.0
A Gilligan's Island,Orange Juice,3 oz,90.0
A Gilligan's Island,Vodka,1 oz,30.0
A Night In Old Mandalay,Ginger Ale,3 oz,90.0
A Night In Old Mandalay,Lemon Juice,1/2 oz,15.0
A Night In Old Mandalay,Añejo Rum,1 oz,30.0
A Night In Old Mandalay,Light Rum,1 oz,30.0
A Night In Old Mandalay,Orange Juice,1 oz,30.0
A Piece of Ass,Amaretto,1 shot,25.0
A Piece of Ass,Southern Comfort,1 shot,25.0
A Splash of Nash,Creme De Banane,0.5 oz,15.0
A Splash of Nash,Midori Melon Liqueur,0.5 oz,15.0
A Splash of Nash,Soda Water,2 oz,60.0
A Splash of Nash,Cranberry Juice,2 oz,60.0
A True Amaretto Sour,Lemon,juice of 1/2,22.5
A True Amaretto Sour,Amaretto,1 jigger,44.0
A midsummernight dream,Strawberries,5,150.0
A midsummernight dream,Kirschwasser,1 oz,30.0
A midsummernight dream,Vodka,2 oz,60.0
A. J.,Grapefruit Juice,1 oz,30.0
A. J.,Applejack,1 1/2 oz,45.0
A.D.M. (After Dinner Mint),Southern Comfort,3/4 oz,22.5
A.D.M. (After Dinner Mint),Vodka,1/2 oz,15.0
A.D.M. (After Dinner Mint),White Creme De Menthe,1/2 oz,15.0
A1,Grenadine,1/8 shot,3.125
A1,Gin,1 3/4 shot,43.75
A1,Lemon Juice,1/4 shot,6.25
A1,Grand Marnier,1 shot,25.0
ABC,Amaretto,1/3,10.0
ABC,Bailey'S Irish Cream,1/3,10.0
ABC,Cognac,1/3,10.0
ACID,151 Proof Rum,1 oz bacardi,30.0
ACID,Wild Turkey,1 oz,30.0
AT&T,Tonic Water,4 oz,120.0
AT&T,Gin,1 oz,30.0
AT&T,Absolut Vodka,1 oz,30.0
Abbey Cocktail,Orange,juice of 1/4,18.75
Abbey Cocktail,Orange Bitters,1 dash,1.0
Abbey Cocktail,Gin,1 1/2 oz,45.0
Abbey Martini,Sweet Vermouth,1 shot,25.0
Abbey Martini,Orange Juice,1 shot,25.0
Abbey Martini,Angostura Bitters,3 dashes,3.0
Abbey Martini,Gin,2 shots,50.0
Abilene,Peach Nectar,2 oz,60.0
Abilene,Orange Juice,3 oz,90.0
Abilene,Dark Rum,1 1/2 oz,45.0
Absolut Evergreen,Pisang Ambon,1/3 part,10.0
Absolut Evergreen,Absolut Citron,2/3 part,20.0
Absolut Sex,Midori Melon Liqueur,3/4 oz,22.5
Absolut Sex,Sprite,1 splash,6.0
Absolut Sex,Cranberry Juice,1 oz,30.0
Absolut Sex,Absolut Kurant,3/4 oz,22.5
Absolut Stress #2,Pineapple Juice,1 1/2 oz,45.0
Absolut Stress #2,Peach Schnapps,1/2 oz,15.0
Absolut Stress #2,Coconut Liqueur,1/2 oz,15.0
Absolut Stress #2,Cranberry Juice,1 1/2 oz,45.0
Absolut Stress #2,Absolut Vodka,1 1/2 oz,45.0
Absolut Summertime,Absolut Citron,1 1/2 oz,45.0
Absolut Summertime,Sprite,1/2 oz,15.0
Absolut Summertime,Sweet And Sour,3/4 oz,22.5
Absolut Summertime,Soda Water,3 oz,90.0
Absolut limousine,Lime Juice,1/3,10.0
Absolut limousine,Absolut Citron,2/3,20.0
Absolutely Cranberry Smash,Ginger Ale,2 oz,60.0
Absolutely Cranberry Smash,Cranberry Juice,4 oz,120.0
Absolutely Cranberry Smash,Absolut Vodka,2 oz,60.0
Absolutely Fabulous,Cranberry Juice,2 shots,50.0
Absolutely Fabulous,Vodka,1 shot,25.0
Absolutly Screwed Up,Triple Sec,1 shot,25.0
Absolutly Screwed Up,Absolut Citron,1 shot,25.0
Absolutly Screwed Up,Orange Juice,1 shot,25.0
Acapulco,Egg White,1,45.0
Acapulco,Light Rum,1 1/2 oz,45.0
Ace,Milk,1/2 shot,12.5
Ace,Grenadine,1/2 shot,12.5
Ace,Egg White,1/2 fresh,22.5
Ace,Gin,2 shots,50.0
Ace,Heavy Cream,1/2 shot,12.5
Adam,Lemon Juice,1 oz,30.0
Adam,Dark Rum,2 oz,60.0
Adam & Eve,Fresh Lemon Juice,1/8 shot,3.125
Adam & Eve,Creme De Cassis,1 shot,25.0
Adam & Eve,Cognac,1 shot,25.0
Adam & Eve,Gin,1 shot,25.0
Adam Bomb,Triple Sec,1/2 part,15.0
Adam Bomb,Vodka,1 part,30.0
Adam Bomb,Tequila,1 part,30.0
Adam Bomb,Rum,1 part,30.0
Adam Sunrise,Water,1/2,15.0
Adam Sunrise,Lemonade,1/2 can,165.0
Adam Sunrise,Vodka,1/2,15.0
Addington,Dry Vermouth,1 shot,25.0
Addington,Sweet Vermouth,2 shots,50.0
Addison,Vermouth,1 1/2 shot,37.5
Addison,Gin,1 1/2 shot,37.5
Addison Special,Vodka,1 shot,25.0
Adios Amigos Cocktail,Rum,1 shot,25.0
Adios Amigos Cocktail,Cognac,1/2 shot,12.5
Adios Amigos Cocktail,Fresh Lime Juice,1/4 shot,6.25
Adios Amigos Cocktail,Dry Vermouth,1/2 shot,12.5
Adios Amigos Cocktail,Sugar Syrup,1/4 shot,6.25
Adios Amigos Cocktail,Water,1/2 shot,12.5
Adios Amigos Cocktail,Gin,1/2 shot,12.5
Adonis Cocktail,Sweet Vermouth,3/4 oz,22.5
Adonis Cocktail,Orange Bitters,1 dash,1.0
Adonis Cocktail,Sherry Dry,1 1/2 oz dry,45.0
Affair,Orange Juice,2 oz,60.0
Affair,Cranberry Juice,2 oz,60.0
Affair,Strawberry Schnapps,2 oz,60.0
Affinity,Orange Bitters,2 dashes,2.0
Affinity,Dry Vermouth,1 oz,30.0
Affinity,Scotch,1 1/2 oz,45.0
Affinity,Sweet Vermouth,1 oz,30.0
After Dinner Cocktail,Apricot Brandy,1 oz,30.0
After Dinner Cocktail,Triple Sec,1 oz,30.0
After Dinner Cocktail,Lime,1,30.0
After Dinner Cocktail,Lime,juice of 1,30.0
After Supper Cocktail,Triple Sec,1 oz,30.0
After Supper Cocktail,Apricot Brandy,1 oz,30.0
After sex,Vodka,2 cl,20.0
After sex,Creme De Banane,1 cl,10.0
Afternoon,Kahlua,1 cl,10.0
Afternoon,Frangelico,1 1/2,37.5
Afternoon,Coffee Hot,4 cl hot,40.0
Afternoon,Bailey'S Irish Cream,1 cl,10.0
Alabama Slammer,Southern Comfort,1 oz,30.0
Alabama Slammer,Sloe Gin,1/2 oz,15.0
Alabama Slammer,Lemon Juice,1 dash,1.0
Alabama Slammer,Amaretto,1 oz,30.0
Alaska Cocktail,Orange Bitters,2 dashes,2.0
Alaska Cocktail,Gin,1 1/2 oz,45.0
Alaska Cocktail,Yellow Chartreuse,3/4 oz,22.5
Alexander,Creme De Cacao White,1/2 oz white,15.0
Alexander,Gin,1/2 oz,15.0
Alexander,Light Cream,2 oz,60.0
Alfie Cocktail,Lemon Vodka,1 1/2 oz,45.0
Alfie Cocktail,Triple Sec,1 dash,1.0
Algonquin,Blended Whiskey,1 1/2 oz,45.0
Algonquin,Dry Vermouth,1 oz,30.0
Algonquin,Pineapple Juice,1 oz,30.0
Alice in Wonderland,Amaretto,1 shot,25.0
Alice in Wonderland,Grand Marnier,1 shot,25.0
Alice in Wonderland,Southern Comfort,1 shot,25.0
Allegheny,Bourbon,1 oz,30.0
Allegheny,Dry Vermouth,1 oz,30.0
Allies Cocktail,Dry Vermouth,1 oz,30.0
Allies Cocktail,Gin,1 oz,30.0
Almeria,Dark Rum,2 oz,60.0
Almeria,Egg White,1,45.0
Almeria,Kahlua,1 oz,30.0
Almond Chocolate Coffee,Dark Creme De Cacao,1/2 oz,15.0
Almond Chocolate Coffee,Coffee,8 oz,240.0
Almond Chocolate Coffee,Amaretto,3/4 oz,22.5
Almond Joy,Light Cream,2 oz,60.0
Almond Joy,Creme De Cacao White,1/2 oz white,15.0
Almond Joy,Amaretto,1/2 oz,15.0
Amaretto And Cream,Amaretto,1 1/2 oz,45.0
Amaretto And Cream,Light Cream,1 1/2 oz,45.0
Amaretto Mist,Amaretto,1 1/2 oz,45.0
Amaretto Mist,Lime,1,30.0
Amaretto Rose,Amaretto,1 1/2 oz,45.0
Amaretto Rose,Lime Juice,1/2 oz,15.0
Amaretto Shake,Brandy,2 oz,60.0
Amaretto Shake,Chocolate Ice-Cream,2 scoops,120.0
Amaretto Shake,Amaretto,2 oz,60.0
Amaretto Sour,Sour Mix,3 oz,90.0
Amaretto Sour,Amaretto,1 1/2 oz,45.0
Amaretto Stinger,White Creme De Menthe,3/4 oz,22.5
Amaretto Stinger,Amaretto,1 1/2 oz,45.0
Amaretto Stone Sour,Orange Juice,1 part,30.0
Amaretto Stone Sour,Amaretto,1 part,30.0
Amaretto Stone Sour,Sour Mix,1 part,30.0
Amaretto Stone Sour #3,Amaretto,2 oz,60.0
Amaretto Stone Sour #3,Orange Juice,add splash,6.0
Amaretto Stone Sour #3,Tequila,2 oz,60.0
Amaretto Stone Sour #3,Sour Mix,2 oz,60.0
Amaretto Sunrise,Grenadine,1/4 cl,2.5
Amaretto Sunrise,Amaretto,1 cl,10.0
Amaretto Sunrise,Orange Juice,4 oz,120.0
Amaretto Sunset,Amaretto,3 shots,75.0
Amaretto Sunset,Triple Sec,1/2 jigger,22.0
Amaretto Tea,Amaretto,2 oz,60.0
Amaretto Tea,Tea Hot,6 oz hot,180.0
Americano,Campari,1 oz,30.0
Americano,Sweet Vermouth Red,1 oz red,30.0
Angel Face,Gin,1 oz,30.0
Angel Face,Apricot Brandy,1/2 oz,15.0
Angel Face,Apple Brandy,1/2 oz,15.0
Apple Cider Punch #1,Orange Juice Frozen,6 oz frozen,180.0
Apple Cider Punch #1,Apple Cider,4 qt,3784.0
Apple Cider Punch #1,Lemonade Frozen,6 oz frozen,180.0
Apple Cider Punch #1,Nutmeg Ground,1 tsp ground,5.0
Apple Grande,Apple Cider,12 oz,360.0
Apple Grande,Tequila,3 oz,90.0
Apple Pie with A Crust,Malibu Rum,1 part,30.0
Apple Pie with A Crust,Cinnamon,3 dashes,3.0
Apple Pie with A Crust,Apple Juice,3 parts,90.0
Apple Slammer,Apple Schnapps,1 part,30.0
Apple Slammer,7-Up,1 part,30.0
Applecar,Applejack,1 oz,30.0
Applecar,Lemon Juice,1 oz,30.0
Applecar,Triple Sec,1 oz,30.0
Applejack,Jack Daniels,1 oz,30.0
Applejack,Sour Mix,2 oz,60.0
Applejack,Midori Melon Liqueur,1/2 oz,15.0
Apricot Lady,Light Rum,1 1/2 oz,45.0
Apricot Lady,Apricot Brandy,1 oz,30.0
Apricot Lady,Lemon Juice,1/2 oz,15.0
Apricot Lady,Egg White,1,45.0
Apricot punch,Vodka,1 fifth,150.0
Apricot punch,Orange Juice,1/2 gal,1892.5
Apricot punch,Champagne,4 fifth,600.0
Apricot punch,7-Up,4 l,4000.0
Apricot punch,Apricot Brandy,1 qt,946.0
Archbishop,Lime,1,30.0
Archbishop,Gin,2 oz,60.0
Archbishop,Green Ginger Wine,1 oz green ginger,30.0
Arctic Fish,Orange Juice,1/3 part,10.0
Arctic Fish,Grape Soda,1/3 part,10.0
Arctic Fish,Vodka,1/3 part,10.0
Arctic Mouthwash,Maui Blue,5 oz blue,150.0
Arctic Mouthwash,Mountain Dew,5 oz,150.0
Arizona Antifreeze,Vodka,1/3 oz,10.0
Arizona Antifreeze,Sweet And Sour,1/3 oz,10.0
Arizona Antifreeze,Midori Melon Liqueur,1/3 oz,10.0
Arizona Stingers,Iced Tea Lemon,12 oz lemon,360.0
Arizona Stingers,Absolut Vodka,2 shots,50.0
Arizona Twister,Orange Juice,1 splash,6.0
Arizona Twister,Cream Of Coconut,1 splash,6.0
Arizona Twister,Grenadine,1 dash,1.0
Arizona Twister,Malibu Rum,1 shot,25.0
Arizona Twister,Pineapple Juice,1 splash,6.0
Arizona Twister,Vodka,1 shot,25.0
Arizona Twister,Gold Tequila,1 shot,25.0
Army special,Vodka,30 ml,30.0
Army special,Lime Juice Cordial,45 ml,45.0
Army special,Gin,30 ml,30.0
Arthur Tompkins,Gin,2 oz,60.0
Arthur Tompkins,Grand Marnier,1/2 oz,15.0
Artillery,Gin,1 1/2 oz,45.0
Artillery,Bitters,2 dashes,2.0
Artillery Punch,Rye Whiskey,1 quart,946.0
Artillery Punch,Lemon Juice,1/2 pint,236.5
Artillery Punch,Brandy,1/2 pint,236.5
Artillery Punch,Rum Jamaican,1 pint jamaican,473.0
Artillery Punch,Red Wine,1 fifth,150.0
Artillery Punch,Benedictine,1 1/2 oz,45.0
Artillery Punch,Orange Juice,1 pint,473.0
Artillery Punch,Tea,1 quart black,946.0
Atlantic Sun,Club Soda,1 dash,1.0
Atlantic Sun,Passion Fruit Syrup,2 cl,20.0
Atlantic Sun,Southern Comfort,2 cl,20.0
Atlantic Sun,Sweet And Sour,6 cl,60.0
Atlantic Sun,Vodka Smirnoff,2 cl smirnoff,20.0
Atomic Lokade,Blue Curacao,1/2 oz,15.0
Atomic Lokade,Vodka,1 oz,30.0
Atomic Lokade,Triple Sec,1/2 oz,15.0
Atomic Lokade,Lemonade,5 oz,150.0
Auburn Headbanger,Goldschlager,1 oz,30.0
Auburn Headbanger,Jägermeister,1 oz,30.0
Autodafé,Lime Juice,1 dash,1.0
Autodafé,Vodka,4 cl,40.0
Avalanche,Crown Royal,1 shot,25.0
Avalanche,Kahlua,1 shot,25.0
Avalon,Apple Juice,6 parts,180.0
Avalon,Vodka,3 parts,90.0
Avalon,Lemon Juice,1 1/2 part,45.0
Avalon,Pisang Ambon,1 part,30.0
Aviation,Gin,4.5 cl,45.0
Aviation,Maraschino Liqueur,1.5 cl,15.0
Aviation,Lemon Juice,1.5 cl,15.0
Aztec Punch,Rum,7 oz,210.0
Aztec Punch,Lemonade,1 can,330.0
Aztec Punch,Ginger Ale,about 1 bottle,750.0
Aztec Punch,Vodka,5 oz,150.0
B-52,Kahlua,1/4,7.5
B-52,Bailey'S Irish Cream,1/3,10.0
B-52,Grand Marnier,1/3,10.0
B-53,Grand Marnier,1/3 shot,8.333333333333332
B-53,Kahlua,1/3 shot,8.333333333333332
B-53,Sambuca,1/3 shot,8.333333333333332
Baby Eskimo,Vanilla Ice-Cream,2 scoops,120.0
Baby Eskimo,Kahlua,2 oz,60.0
Baby Eskimo,Milk,8 oz,240.0
Baby Guinness,Bailey'S Irish Cream,1/2 oz,15.0
Baby Guinness,Kahlua,2 1/2 oz,75.0
Bacardi Cocktail,Light Rum,1 3/4 oz bacardi,52.5
Bacardi Cocktail,Lime Juice,1 oz,30.0
Bacardi Cocktail,Grenadine,1 dash,1.0
Bailey's Dream Shake,Bailey'S Irish Cream,2 oz,60.0
Bailey's Dream Shake,Vanilla Ice-Cream,2 scoops,120.0
Balmoral,Bitters,2 dashes,2.0
Balmoral,Sweet Vermouth,1/2 oz,15.0
Balmoral,Dry Vermouth,1/2 oz,15.0
Balmoral,Scotch,1 1/2 oz,45.0
Banana Daiquiri,Lime Juice,1 1/2 oz,45.0
Banana Daiquiri,Light Rum,1 1/2 oz,45.0
Barracuda,Pineapple Juice,6 cl,60.0
Barracuda,Galliano,1.5 cl,15.0
Barracuda,Lime Juice,1 dash,1.0
Barracuda,Rum,4.5 cl,45.0
Belgian Blue,Coconut Liqueur,1 cl,10.0
Belgian Blue,Vodka,2 cl,20.0
Belgian Blue,Blue Curacao,1 cl,10.0
Bellini,Peach Schnapps,1 oz,30.0
Bellini,Champagne,6 oz,180.0
Bellini Martini,Lemon Peel,1,30.0
Bellini Martini,Peach Schnapps,1.5 oz,45.0
Bellini Martini,Peach Nectar,1.5 oz,45.0
Bellini Martini,Vodka,3 oz,90.0
Bermuda Highball,Dry Vermouth,3/4 oz,22.5
Bermuda Highball,Brandy,3/4 oz,22.5
Bermuda Highball,Gin,3/4 oz,22.5
Berry Deadly,Boone's Strawberry Hill Wine,1 bottle boone strawberry hill,750.0
Berry Deadly,Everclear,2 pint,946.0
Berry Deadly,Orange Juice,1/2 gal,1892.5
Berry Deadly,Kool-Aid Tropical Berry,1 gal tropical berry,3785.0
Between The Sheets,Triple Sec,1 oz,30.0
Between The Sheets,Brandy,1 oz,30.0
Between The Sheets,Lemon Juice,1 oz,30.0
Between The Sheets,Light Rum,1 oz,30.0
Bible Belt,Sour Mix,2 oz,60.0
Bible Belt,Triple Sec,1/2 oz,15.0
Bible Belt,Lime,2 wedges,60.0
Bible Belt,Southern Comfort,2 oz,60.0
Big Red,Irish Cream,1/2 oz,15.0
Big Red,Goldschlager,1/2 oz,15.0
Black & Tan,Ale,1 part bass pale,30.0
Black & Tan,Guinness Stout,1 part,30.0
Black Russian,Coffee Liqueur,3/4 oz,22.5
Black Russian,Vodka,1 1/2 oz,45.0
Black and Brown,Guinness Stout,1/2,15.0
Black and Brown,Root Beer,1/2,15.0
Blackthorn,Sloe Gin,1 1/2 oz,45.0
Blackthorn,Sweet Vermouth,1 oz,30.0
Bleeding Surgeon,Dark Rum,1 shot,25.0
Bleeding Surgeon,Surge,1/2 glass,175.0
Bleeding Surgeon,Cranberry Juice,1/2 glass,175.0
Blind Russian,Bailey'S Irish Cream,3/4 oz,22.5
Blind Russian,Butterscotch Schnapps,1/2 oz,15.0
Blind Russian,Kahlua,3/4 oz,22.5
Blind Russian,Godiva Liqueur,3/4 oz,22.5
Bloody Maria,Lemon Juice,1 dash,1.0
Bloody Maria,Celery Salt,1 dash,1.0
Bloody Maria,Tomato Juice,2 oz,60.0
Bloody Maria,Tabasco Sauce,1 dash,1.0
Bloody Maria,Tequila,1 oz,30.0
Bloody Mary,Lemon Juice,1 dash,1.0
Bloody Mary,Tomato Juice,3 oz,90.0
Bloody Mary,Vodka,1 1/2 oz,45.0
Bloody Mary,Tabasco Sauce,2-3 drops,2.5
Blue Lagoon,Blue Curacao,1 oz,30.0
Blue Lagoon,Vodka,1 oz,30.0
Blue Margarita,Lime Juice,1 oz,30.0
Blue Margarita,Blue Curacao,1 oz,30.0
Blue Margarita,Tequila,1 1/2 oz,45.0
Blue Mountain,Añejo Rum,1 1/2 oz,45.0
Blue Mountain,Orange Juice,1 oz,30.0
Blue Mountain,Tia Maria,1/2 oz,15.0
Blue Mountain,Vodka,1/2 oz,15.0
Bluebird,Triple Sec,1/2 oz,15.0
Bluebird,Gin,1 1/2 oz,45.0
Bluebird,Blue Curacao,1/2 oz,15.0
Bluebird,Bitters,2 dashes,2.0
Bob Marley,Goldschlager,1/2 oz,15.0
Bob Marley,Jägermeister,1/2 oz,15.0
Bob Marley,Midori Melon Liqueur,1/2 oz,15.0
Bobby Burns Cocktail,Scotch,1 1/2 oz,45.0
Bobby Burns Cocktail,Sweet Vermouth,1 1/2 oz,45.0
Boomerang,Gin,2 oz,60.0
Boomerang,Bitters,2 dashes,2.0
Boomerang,Dry Vermouth,1/2 oz,15.0
Boozy Snickers Milkshake,Caramel Sauce,4 tablespoons,60.0
Boozy Snickers Milkshake,Mini-Snickers Bars,15,450.0
Boozy Snickers Milkshake,Vanilla Ice-Cream,3 cups,711.0
Boozy Snickers Milkshake,Chocolate Sauce,4 tablespoons,60.0
Boston Sidecar,Light Rum,3/4 oz,22.5
Boston Sidecar,Triple Sec,3/4 oz,22.5
Boston Sidecar,Lime,juice of 1/2,15.0
Boston Sidecar,Brandy,3/4 oz,22.5
Boston Sour,Egg White,1,45.0
Boston Sour,Lemon,juice of 1/2,22.5
Boston Sour,Blended Whiskey,2 oz,60.0
Bourbon Sling,Lemon Juice,1 oz,30.0
Bourbon Sling,Bourbon,2 oz,60.0
Bourbon Sling,Sugar Superfine,1 tsp superfine,5.0
Bourbon Sour,Sugar Superfine,1/2 tsp superfine,2.5
Bourbon Sour,Bourbon,2 oz,60.0
Bourbon Sour,Lemon Juice,1 oz,30.0
Boxcar,Gin,1 1/2 oz,45.0
Boxcar,Triple Sec,1 oz,30.0
Boxcar,Egg White,1,45.0
Brain Fart,Vodka Smirnoff Red Label,1 fifth smirnoff red label,125.0
Brain Fart,Mountain Dew,2 l,2000.0
Brain Fart,Rum,1 pint,473.0
Brain Fart,Lemon Juice,1 small bottle,125.0
Brain Fart,Surge,2 l,2000.0
Brain Fart,Everclear,1 fifth,150.0
Brainteaser,Erin Cream,30 ml,30.0
Brainteaser,Advocaat,5 ml,5.0
Brainteaser,Sambuca White,30 ml white,30.0
Bramble,Creme De Mure,1.5 cl,15.0
Bramble,Lemon Juice,1.5 cl,15.0
Bramble,Sugar Syrup,1 cl,10.0
Bramble,Gin,4 cl,40.0
Brandon and Will's Coke Float,Vanilla Ice-Cream,2 scoops,120.0
Brandon and Will's Coke Float,Bourbon,2 oz,60.0
Brandon and Will's Coke Float,Coca-Cola,1 can,330.0
Brandy Alexander,Light Cream,1 oz,30.0
Brandy Alexander,Creme De Cacao White,1 oz white,30.0
Brandy Alexander,Brandy,1 oz,30.0
Brandy Cobbler,Sugar Superfine,1 tsp superfine,5.0
Brandy Cobbler,Club Soda,3 oz,90.0
Brandy Cobbler,Brandy,2 oz,60.0
Brandy Cobbler,Lemon,1,30.0
Brandy Flip,Egg,1 whole,45.0
Brandy Flip,Sugar Superfine,1 tsp superfine,5.0
Brandy Flip,Light Cream,1/2 oz,15.0
Brandy Flip,Brandy,2 oz,60.0
Brandy Sour,Lemon,juice of 1/2,22.5
Brandy Sour,Brandy,2 oz,60.0
Brave Bull Shooter,Tabasco Sauce,1/2 oz,15.0
Brave Bull Shooter,Tequila,1/2 oz,15.0
Bruised Heart,Vodka,1/2 oz,15.0
Bruised Heart,Cranberry Juice,1/2 oz,15.0
Bruised Heart,Chambord Raspberry Liqueur,1/2 oz,15.0
Bruised Heart,Peachtree Schnapps,1/2 oz,15.0
Bubble Gum,Vodka,1/4,7.5
Bubble Gum,Banana Liqueur,1/4,7.5
Bubble Gum,Orange Juice,1/4,7.5
Bubble Gum,Peach Schnapps,1/4,7.5
Buccaneer,Corona,1,30.0
Buccaneer,Bacardi Limon,1 shot,25.0
Bumble Bee #1,Bailey'S Irish Cream,1/3 oz,10.0
Bumble Bee #1,Kahlua,1/3 oz,10.0
Bumble Bee #1,Sambuca,1/3 oz,10.0
Butter Baby,Butterscotch Schnapps,1 part,30.0
Butter Baby,Vodka,2 parts,60.0
Butter Baby,Milk,full glass,300.0
Butter Baby,Vanilla Ice-Cream,2 scoops,120.0
Cafe Savoy,Triple Sec,1/2 oz,15.0
Cafe Savoy,Milk,1/2 oz,15.0
Caipirinha,Cachaca,2 1/2 oz,75.0
Caipirinha,Lime,1,30.0
Caipirissima,White Rum,2-3 oz,75.0
Caipirissima,Lime,2,60.0
California Lemonade,Blended Whiskey,2 oz,60.0
California Lemonade,Lemon,juice of 1,45.0
California Lemonade,Lime,juice of 1,30.0
California Root Beer,Galliano,3/4 oz,22.5
California Root Beer,Kahlua,3/4 oz,22.5
Campari Beer,Campari,1 1/2 cl,15.0
Campari Beer,Lager,1 bottle,330.0
Caribbean Boilermaker,Light Rum,1 shot,25.0
Caribbean Boilermaker,Corona,1 bottle,330.0
Casino,Orange Bitters,2 dashes,2.0
Casino,Gin,2 oz,60.0
Casino Royale,Gin,2 oz,60.0
Casino Royale,Lemon Juice,1/2 oz,15.0
Casino Royale,Orange Bitters,1 dash,1.0
Casino Royale,Egg Yolk,1,45.0
Champagne Cocktail,Cognac,1 dash,1.0
Champagne Cocktail,Bitters,2 dashes,2.0
Cherry Electric Lemonade,Sweet And Sour,1 oz,30.0
Cherry Electric Lemonade,Vodka,1 oz,30.0
Cherry Electric Lemonade,Club Soda,3 oz,90.0
Cherry Electric Lemonade,White Rum,1 oz,30.0
Cherry Electric Lemonade,Gin,1 oz,30.0
Cherry Electric Lemonade,Cherry Grenadine,1 oz,30.0
Cherry Electric Lemonade,Triple Sec,1 oz,30.0
Cherry Electric Lemonade,Tequila,1 oz,30.0
Cherry Rum,Light Rum,1 1/4 oz,37.5
Chicago Fizz,Lemon,juice of 1/2,22.5
Chicago Fizz,Egg White,1,45.0
Chicago Fizz,Light Rum,1 oz,30.0
Chicago Fizz,Port,1 oz,30.0
Chocolate Black Russian,Vodka,1/2 oz,15.0
Chocolate Black Russian,Chocolate Ice-Cream,5 oz,150.0
Chocolate Black Russian,Kahlua,1 oz,30.0
Chocolate Milk,Milk,1/2 shot,12.5
Chocolate Milk,Amaretto,1 dash,1.0
Chocolate Milk,Chocolate Liqueur,1/2 shot,12.5
Chocolate Monkey,Chocolate Ice-Cream,2 scoops,120.0
Chocolate Monkey,Chocolate Syrup,1 oz,30.0
Chocolate Monkey,Chocolate Milk,4 oz,120.0
Chocolate Monkey,Banana Liqueur,1 shot,25.0
Chocolate Monkey,Creme De Cacao,2 shots,50.0
Citrus Coke,Bacardi Limon,1 part,30.0
Citrus Coke,Coca-Cola,2 parts,60.0
City Slicker,Triple Sec,1/2 oz,15.0
City Slicker,Brandy,2 oz,60.0
Classic Old-Fashioned,Sugar,1,30.0
Classic Old-Fashioned,Bitters,3 dashes,3.0
Classic Old-Fashioned,Bourbon,3 oz,90.0
Clove Cocktail,Sloe Gin,1/2 oz,15.0
Clove Cocktail,Wine Muscatel,1/2 oz muscatel,15.0
Clove Cocktail,Sweet Vermouth,1 oz,30.0
Clover Club,Lemon,juice of 1/2,22.5
Clover Club,Egg White,1,45.0
Clover Club,Gin,1 1/2 oz,45.0
Cosmopolitan,Absolut Citron,1 1/4 oz,37.5
Cosmopolitan,Cointreau,1/4 oz,7.5
Cosmopolitan,Lime Juice,1/4 oz,7.5
Cosmopolitan Martini,Vodka,1 oz,30.0
Cosmopolitan Martini,Lime,juice of 1/2,15.0
Cosmopolitan Martini,Cointreau,1/2 oz,15.0
Cosmopolitan Martini,Cranberry Juice,1 splash,6.0
Cream Soda,Spiced Rum,1 oz,30.0
Cuba Libra,Dark Rum,1-2 shot,37.5
Cuba Libra,Lime,squeeze,30.0
Cuba Libre,Light Rum,2 oz,60.0
Cuba Libre,Lime,juice of 1/2,15.0
Daiquiri,Lime,juice of 1/2,15.0
Daiquiri,Light Rum,1 1/2 oz,45.0
Damned if you do,Hot Damn,0.25 oz,7.5
Damned if you do,Whiskey,0.75 oz,22.5
Danbooka,Everclear,1 part,30.0
Danbooka,Coffee,3 parts,90.0
Dark Caipirinha,Cachaca,2 1/2 oz,75.0
Dark Caipirinha,Lime,1,30.0
Dark and Stormy,Dark Rum,5 cl,50.0
Dark and Stormy,Ginger Beer,10 cl,100.0
Darkwood Sling,Orange Juice,1 part,30.0
Darkwood Sling,Cherry Heering,1 part,30.0
Darkwood Sling,Soda Water,1 part,30.0
Derby,Peach Bitters,2 dashes,2.0
Derby,Gin,6 cl,60.0
Diesel,Lager,1/2 pint,236.5
Diesel,Cider,1/2 pint,236.5
Diesel,Blackcurrant Cordial,1 dash,1.0
Dirty Martini,Dry Vermouth,1 tbsp,15.0
Dirty Martini,Olive,1,30.0
Dirty Martini,Olive Brine,2 tbsp,30.0
Dirty Martini,Vodka,70ml/2fl oz,70.0
Downshift,Tequila,2 shots,50.0
Downshift,Sprite,1 part,30.0
Downshift,Fruit Punch,2 part,60.0
Dragonfly,Ginger Ale,4 oz,120.0
Dragonfly,Gin,1 1/2 oz,45.0
Dragonfly,Lime,1,30.0
Dry Rob Roy,Scotch,2 1/2 oz,75.0
Dubonnet Cocktail,Dubonnet Rouge,1 1/2 oz,45.0
Dubonnet Cocktail,Gin,3/4 oz,22.5
Dubonnet Cocktail,Bitters,1 dash,1.0
Duchamp's Punch,Pisco,5 cl,50.0
Duchamp's Punch,Lime Juice,2.5 cl,25.0
Duchamp's Punch,Pineapple Syrup,2.5 cl,25.0
Duchamp's Punch,Angostura Bitters,2 dashes,2.0
Duchamp's Punch,St. Germain,1.5 cl,15.0
Egg Nog #4,Egg White,6,270.0
Egg Nog #4,Milk,2 cups,474.0
Egg Nog #4,Egg Yolk,6,270.0
Egg Nog - Healthy,Condensed Milk Skimmed,13 oz skimmed,390.0
Egg Nog - Healthy,Milk Skimmed,3/4 cup skimmed,177.75
Egg-Nog - Classic Cooked,Egg,6,270.0
Egg-Nog - Classic Cooked,Milk,1 qt,946.0
English Highball,Brandy,3/4 oz,22.5
English Highball,Gin,3/4 oz,22.5
English Highball,Sweet Vermouth,3/4 oz,22.5
English Rose Cocktail,Dry Vermouth,3/4 oz,22.5
English Rose Cocktail,Gin,1 1/2 oz,45.0
English Rose Cocktail,Apricot Brandy,3/4 oz,22.5
Espresso Martini,Kahlua,1 cl,10.0
Espresso Martini,Vodka,5 cl,50.0
Espresso Martini,Sugar Syrup,1 dash,1.0
Fahrenheit 5000,Firewater,1/2 oz,15.0
Fahrenheit 5000,Absolut Peppar,1/2 oz,15.0
Fahrenheit 5000,Tabasco Sauce,1 dash,1.0
Flaming Dr. Pepper,Amaretto,1 oz,30.0
Flaming Dr. Pepper,Dr. Pepper,1 oz,30.0
Flaming Dr. Pepper,Beer,1 oz,30.0
Flaming Dr. Pepper,151 Proof Rum,1 oz bacardi,30.0
Flaming Dr. Pepper,Vodka,1 oz,30.0
Flaming Lamborghini,Blue Curacao,1 oz,30.0
Flaming Lamborghini,Kahlua,1 oz,30.0
Flaming Lamborghini,Bailey'S Irish Cream,1 oz,30.0
Flaming Lamborghini,Sambuca,1 oz,30.0
Flander's Flake-Out,Sarsaparilla,3/4 glass,262.5
Flander's Flake-Out,Sambuca,1/4 glass,87.5
Flying Dutchman,Triple Sec,1/2 oz,15.0
Flying Dutchman,Gin,2 oz,60.0
Flying Scotchman,Bitters,1 dash,1.0
Flying Scotchman,Scotch,1 oz,30.0
Flying Scotchman,Sweet Vermouth,1 oz,30.0
Foxy Lady,Creme De Cacao,1/2 oz,15.0
Foxy Lady,Light Cream,2 oz,60.0
Foxy Lady,Amaretto,1/2 oz,15.0
Freddy Kruger,Vodka,1/2 oz,15.0
Freddy Kruger,Jägermeister,1/2 oz,15.0
Freddy Kruger,Sambuca,1/2 oz,15.0
French 75,Champagne,4 oz chilled,120.0
French 75,Lemon Juice,1 1/2 oz,45.0
French 75,Gin,1 1/2 oz,45.0
French 75,Sugar Superfine,2 tsp superfine,10.0
French Connection,Cognac,1 1/2 oz,45.0
French Connection,Amaretto,3/4 oz,22.5
French Martini,Vodka,4.5 cl,45.0
French Martini,Raspberry Liqueur,1.5 cl,15.0
French Martini,Pineapple Juice,1.5 cl,15.0
Frisco Sour,Blended Whiskey,2 oz,60.0
Frisco Sour,Lime,juice of 1/2,15.0
Frisco Sour,Benedictine,1/2 oz,15.0
Frisco Sour,Lemon,juice of 1/4,11.25
Frozen Daiquiri,Light Rum,1 1/2 oz,45.0
Frozen Daiquiri,Lime Juice,1 1/2 oz,45.0
Frozen Mint Daiquiri,Light Rum,2 oz,60.0
Frozen Pineapple Daiquiri,Light Rum,1 1/2 oz,45.0
Fuzzy Asshole,Peach Schnapps,1/2,15.0
Fuzzy Asshole,Coffee,1/2,15.0
GG,Galliano,2 1/2 shots,62.5
Gagliardo,Lemon Juice,3 parts,90.0
Gagliardo,Galliano,1 part,30.0
Gagliardo,Sirup Of Roses,1 part,30.0
Gagliardo,Peach Vodka,5 parts,150.0
Gentleman's Club,Sweet Vermouth,1 oz,30.0
Gentleman's Club,Brandy,1 oz,30.0
Gentleman's Club,Gin,1 1/2 oz,45.0
Gentleman's Club,Club Soda,1 oz,30.0
Gideon's Green Dinosaur,Melon Liqueur,1/2 oz,15.0
Gideon's Green Dinosaur,Tequila,1/2 oz,15.0
Gideon's Green Dinosaur,Vodka,1/2 oz,15.0
Gideon's Green Dinosaur,Dark Rum,1/2 oz,15.0
Gideon's Green Dinosaur,Triple Sec,1/2 oz,15.0
Gin And Tonic,Lime,1,30.0
Gin And Tonic,Tonic Water,5 oz,150.0
Gin And Tonic,Gin,2 oz,60.0
Gin Cooler,Gin,2 oz,60.0
Gin Daisy,Sugar Superfine,1/2 tsp superfine,2.5
Gin Daisy,Gin,2 oz,60.0
Gin Daisy,Lemon Juice,1 oz,30.0
Gin Fizz,Lemon,juice of 1/2,22.5
Gin Fizz,Gin,2 oz,60.0
Gin Rickey,Lemon,juice of 1/2,22.5
Gin Rickey,Gin,2 oz,60.0
Gin Sling,Lemon,juice of 1/2,22.5
Gin Sling,Gin,2 oz,60.0
Gin Smash,Gin,2 oz,60.0
Gin Smash,Carbonated Water,1 oz,30.0
Gin Sour,Lemon Juice,1 oz,30.0
Gin Sour,Sugar Superfine,1/2 tsp superfine,2.5
Gin Sour,Gin,2 oz,60.0
Gin Squirt,Strawberries,2,60.0
Gin Squirt,Gin,1 1/2 oz,45.0
Gin Swizzle,Lime Juice,1 1/2 oz,45.0
Gin Swizzle,Bitters,1 dash,1.0
Gin Swizzle,Sugar Superfine,1 tsp superfine,5.0
Gin Swizzle,Gin,2 oz,60.0
Gin Swizzle,Club Soda,3 oz,90.0
Gin Toddy,Gin,2 oz,60.0
Girl From Ipanema,Agave Syrup,10 ml,10.0
Girl From Ipanema,Lemon Juice,15 ml,15.0
Girl From Ipanema,Cachaca,25 ml,25.0
Gluehwein,Water,125 ml,125.0
Gluehwein,Cinnamon,1,30.0
Gluehwein,Red Wine,1 l,1000.0
Godchild,Vodka,1 oz,30.0
Godchild,Amaretto,1 oz,30.0
Godchild,Heavy Cream,1 oz,30.0
Godfather,Scotch,1 1/2 oz,45.0
Godfather,Amaretto,3/4 oz,22.5
Godmother,Vodka,1 1/2 oz,45.0
Godmother,Amaretto,3/4 oz,22.5
Golden dream,Orange Juice,2 parts,60.0
Golden dream,Cream,1 part,30.0
Golden dream,Triple Sec,2 parts,60.0
Golden dream,Galliano,2 parts,60.0
Grand Blue,Sweet And Sour,3 cl,30.0
Grand Blue,Malibu Rum,1 1/2 cl,15.0
Grand Blue,Peach Schnapps,1 1/2 cl,15.0
Grand Blue,Blue Curacao,1 1/2 cl,15.0
Grass Skirt,Pineapple Juice,1 oz,30.0
Grass Skirt,Pineapple,1,30.0
Grass Skirt,Triple Sec,1 oz,30.0
Grass Skirt,Gin,1 1/2 oz,45.0
Grasshopper,Creme De Cacao White,3/4 oz white,22.5
Grasshopper,Light Cream,3/4 oz,22.5
Grasshopper,Green Creme De Menthe,3/4 oz,22.5
Green Goblin,Blue Curacao,1 shot,25.0
Green Goblin,Cider Hard,1/2 pint hard,236.5
Green Goblin,Lager,1/2 pint,236.5
Grim Reaper,151 Proof Rum,1 oz bacardi,30.0
Grim Reaper,Grenadine,1 dash,1.0
Grim Reaper,Kahlua,1 oz,30.0
Grizzly Bear,Milk,2 1/2 parts,75.0
Grizzly Bear,Kahlua,1 part,30.0
Grizzly Bear,Amaretto,1 part,30.0
Grizzly Bear,Jägermeister,1 part,30.0
H.D.,Bailey'S Irish Cream,8 cl,80.0
H.D.,Whisky,4 cl,40.0
Happy Skipper,Spiced Rum,1 1/2 cl,15.0
Harvey Wallbanger,Orange Juice,4 oz,120.0
Harvey Wallbanger,Vodka,1 oz,30.0
Harvey Wallbanger,Galliano,1/2 oz,15.0
Havana Cocktail,Light Rum,1 oz,30.0
Havana Cocktail,Pineapple Juice,1 oz,30.0
Hawaiian Cocktail,Triple Sec,1/2 oz,15.0
Hawaiian Cocktail,Gin,2 oz,60.0
Hemingway Special,Maraschino Liqueur,3 parts,90.0
Hemingway Special,Lime Juice,3 parts,90.0
Hemingway Special,Rum,12 parts,360.0
Hemingway Special,Grapefruit Juice,8 parts,240.0
Herbal flame,Hot Damn,5 shots,125.0
Highland Fling Cocktail,Orange Bitters,2 dashes,2.0
Highland Fling Cocktail,Scotch,1 1/2 oz,45.0
Highland Fling Cocktail,Olive,1,30.0
Highland Fling Cocktail,Sweet Vermouth,3/4 oz,22.5
Horse's Neck,Brandy,2 oz,60.0
Horse's Neck,Ginger Ale,5 oz,150.0
Horse's Neck,Bitters,2 dashes,2.0
Hot Creamy Bush,Bailey'S Irish Cream,3/4 shot,18.75
Hot Creamy Bush,Coffee Hot,6 oz hot,180.0
Hot Creamy Bush,Irish Whiskey,1 shot,25.0
Ice Pick #1,Lemon Juice,to taste,15.0
Ice Pick #1,Iced Tea,6 oz,180.0
Ice Pick #1,Vodka,1 1/2 oz,45.0
Imperial Cocktail,Aperol,4 cl,40.0
Imperial Cocktail,Gin,2 cl,20.0
Imperial Cocktail,Lime Juice,4 cl,40.0
Imperial Fizz,Lemon,juice of 1/2,22.5
Imperial Fizz,Blended Whiskey,1 1/2 oz,45.0
Imperial Fizz,Light Rum,1/2 oz,15.0
Irish Coffee,Irish Whiskey,1 1/2 oz,45.0
Irish Coffee,Coffee,8 oz,240.0
Irish Curdling Cow,Vodka,3/4 oz,22.5
Irish Curdling Cow,Bourbon,3/4 oz,22.5
Irish Curdling Cow,Orange Juice,2-3 oz,75.0
Irish Curdling Cow,Bailey'S Irish Cream,3/4 oz,22.5
Irish Russian,Kahlua,1 shot,25.0
Irish Russian,Coca-Cola,1 dash,1.0
Irish Russian,Vodka,1 shot,25.0
Irish Spring,Sweet And Sour,1 oz,30.0
Irish Spring,Orange Juice,1 oz,30.0
Irish Spring,Peach Brandy,1/2 oz,15.0
Irish Spring,Irish Whiskey,1 oz,30.0
Jack Rose Cocktail,Lime,juice of 1/2,15.0
Jack Rose Cocktail,Apple Brandy,1 1/2 oz,45.0
Jack's Vanilla Coke,Tennessee Whiskey,2 oz,60.0
Jack's Vanilla Coke,Coca-Cola,10-12 oz,330.0
Jackhammer,Amaretto,1 oz,30.0
Jackhammer,Jack Daniels,1 oz,30.0
Jam Donut,Chambord Raspberry Liqueur,1/3 oz,10.0
Jam Donut,Baileys Irish Cream,2/3 oz,20.0
Jamaica Kiss,Light Rum Jamaican,1 shot jamaican,25.0
Jamaica Kiss,Coffee Liqueur,1 shot,25.0
Jamaican Coffee,Rum,1/6 glass,30.0
Jamaican Coffee,Coffee,1/6 glass strong black,58.33333333333333
Jamaican Coffee,Water Cold,1/2 glass cold,175.0
Japanese Fizz,Egg White,1,45.0
Japanese Fizz,Lemon,juice of 1/2,22.5
Japanese Fizz,Blended Whiskey,1 1/2 oz,45.0
Jello shots,Vodka,2 cups,474.0
Jello shots,Water,3 cups,711.0
Jelly Bean,Blackberry Brandy,1 oz,30.0
Jelly Bean,Anis,1 oz,30.0
Jewel Of The Nile,Green Chartreuse,1/2 oz,15.0
Jewel Of The Nile,Gin,1 1/2 oz,45.0
Jewel Of The Nile,Yellow Chartreuse,1/2 oz,15.0
Jitterbug,Lime Juice,1 shot,25.0
Jitterbug,Vodka,1 jigger,44.0
Jitterbug,Gin,2 jiggers,88.0
Jitterbug,Grenadine,3 dashes,3.0
Jitterbug,Sugar Syrup,3 dashes,3.0
John Collins,Bourbon,2 oz,60.0
John Collins,Club Soda,3 oz,90.0
John Collins,Lemon Juice,1 oz,30.0
John Collins,Sugar Superfine,1 tsp superfine,5.0
Kamikaze,Triple Sec,1 oz,30.0
Kamikaze,Lime Juice,1 oz,30.0
Kamikaze,Vodka,1 oz,30.0
Karsk,Coffee,1 part,30.0
Karsk,Grain Alcohol,2 parts,60.0
Kentucky B And B,Bourbon,2 oz,60.0
Kentucky B And B,Benedictine,1/2 oz,15.0
Kentucky Colonel,Benedictine,1/2 oz,15.0
Kentucky Colonel,Bourbon,3 oz,90.0
Kioki Coffee,Brandy,1/2 oz,15.0
Kioki Coffee,Kahlua,1 oz,30.0
Kir,Creme De Cassis,1 part,30.0
Kir,Champagne,5 parts,150.0
Kir Royale,Champagne,5 parts,150.0
Kir Royale,Creme De Cassis,1 part,30.0
Kiss me Quick,Apple Juice,8 cl,80.0
Kiss me Quick,Schweppes Russchian,7 cl,70.0
Kiss me Quick,Apfelkorn,2 cl,20.0
Kiss me Quick,Cranberry Vodka,4 cl,40.0
Kiwi Lemon,Bitter Lemon,2 parts,60.0
Kiwi Lemon,Kiwi Liqueur,1 part,30.0
Kool First Aid,Kool-Aid Tropical,1/2 tsp tropical,2.5
Kool First Aid,151 Proof Rum Light,2 oz light,60.0
Kool-Aid Shot,Vodka,1 shot,25.0
Kool-Aid Shot,Triple Sec,1 shot,25.0
Kool-Aid Shot,Sloe Gin,1 shot,25.0
Kool-Aid Shot,Amaretto,1 shot,25.0
Kool-Aid Slammer,Vodka,1/2 oz,15.0
Kool-Aid Slammer,Kool-Aid Grape,1/2 oz grape,15.0
Kurant Tea,Turkish Apple Tea,turkish apple,237.0
Kurant Tea,Absolut Kurant,4 cl,40.0
Lady Love Fizz,Lemon,juice of 1/2,22.5
Lady Love Fizz,Gin,2 oz,60.0
Lady Love Fizz,Egg White,1,45.0
Lemon Drop,Lemon,juice of 1 wedge,22.5
Lemon Drop,Absolut Vodka,1 1/2 shot,37.5
Lemon Drop,Cointreau,1 1/2 shot,37.5
Lemon Shot,Galliano,1/2 oz,15.0
Lemon Shot,Absolut Citron,1/2 oz,15.0
Limona Corona,Corona,1 bottle,330.0
Limona Corona,Bacardi Limon,1 oz,30.0
Loch Lomond,Scotch,2 oz,60.0
Loch Lomond,Dry Vermouth,1/2 oz,15.0
Loch Lomond,Drambuie,1/2 oz,15.0
London Town,Maraschino Liqueur,1/2 oz,15.0
London Town,Gin,1 1/2 oz,45.0
London Town,Orange Bitters,2 dashes,2.0
Lone Tree Cocktail,Sweet Vermouth,3/4 oz,22.5
Lone Tree Cocktail,Gin,1 1/2 oz,45.0
Long Island Iced Tea,Gin,1/2 oz,15.0
Long Island Iced Tea,Light Rum,1/2 oz,15.0
Long Island Iced Tea,Vodka,1/2 oz,15.0
Long Island Iced Tea,Coca-Cola,1 dash,1.0
Long Island Iced Tea,Tequila,1/2 oz,15.0
Long Island Tea,Gin,1/2 oz,15.0
Long Island Tea,Vodka,1/2 oz,15.0
Long Island Tea,Coca-Cola,1 splash,6.0
Long Island Tea,Light Rum,1/2 oz,15.0
Long Island Tea,Lemon,juice of 1/2,22.5
Long Island Tea,Tequila,1/2 oz,15.0
Long vodka,Tonic Water Schweppes,1 dl schweppes,100.0
Long vodka,Angostura Bitters,4 dashes,4.0
Long vodka,Vodka,5 cl,50.0
Long vodka,Lime,1/2,15.0
Lord And Lady,Dark Rum,1 1/2 oz,45.0
Lord And Lady,Tia Maria,1/2 oz,15.0
Lunch Box,Amaretto,1 shot,25.0
Lunch Box,Beer,3/4 bottle,330.0
Lunch Box,Orange Juice,1 oz,30.0
Mai Tai,Orgeat Syrup,1/2 oz,15.0
Mai Tai,Light Rum,1 oz,30.0
Mai Tai,Sweet And Sour,1 1/2 oz,45.0
Mai Tai,Triple Sec,1/2 oz,15.0
Malibu Twister,Malibu Rum,2 parts,60.0
Malibu Twister,Cranberry Juice,1 part,30.0
Malibu Twister,Tropicana,2 parts,60.0
Manhattan,Bourbon Blended,2 1/2 oz blended,75.0
Manhattan,Sweet Vermouth,3/4 oz,22.5
Margarita,Tequila,1 1/2 oz,45.0
Margarita,Triple Sec,1/2 oz,15.0
Margarita,Lime Juice,1 oz,30.0
Martinez Cocktail,Dry Vermouth,1 oz,30.0
Martinez Cocktail,Gin,1 oz,30.0
Martinez Cocktail,Orange Bitters,1 dash,1.0
Martini,Gin,1 2/3 oz,49.99999999999999
Martini,Olive,1,30.0
Martini,Dry Vermouth,1/3 oz,10.0
Mary Pickford,Pineapple Juice,1 oz,30.0
Mary Pickford,Light Rum,1 1/2 oz,45.0
Miami Vice,151 Proof Rum,5 oz bacardi,150.0
Midnight Cowboy,Bourbon,2 oz,60.0
Midnight Cowboy,Heavy Cream,1/2 oz,15.0
Midnight Cowboy,Dark Rum,1 oz,30.0
Midnight Manx,Kahlua,1 oz,30.0
Midnight Manx,Heavy Cream,2 oz,60.0
Midnight Manx,Bailey'S Irish Cream,1 oz,30.0
Midnight Manx,Coffee Hazlenut,2 oz hazlenut,60.0
Midnight Mint,White Creme De Menthe,3/4 oz,22.5
Midnight Mint,Bailey'S Irish Cream,1 oz,30.0
Midnight Mint,Cream Double,3/4 oz double,22.5
Mimosa,Orange Juice,2 oz,60.0
Mississippi Planters Punch,Bourbon,1/2 oz,15.0
Mississippi Planters Punch,Light Rum,1/2 oz,15.0
Mississippi Planters Punch,Brandy,1 oz,30.0
Mississippi Planters Punch,Lemon,juice of 1/2,22.5
Mocha-Berry,Coffee,6 oz,180.0
Mocha-Berry,Chambord Raspberry Liqueur,2 oz,60.0
Mojito,Lime,juice of 1,30.0
Mojito,Light Rum,2-3 oz,75.0
Mojito #3,Dark Rum Jamaican,1/8 l jamaican,125.0
Mojito #3,Club Soda,1/8 l,125.0
Mojito #3,Lemon Juice,3 cl,30.0
Mojito #3,Angostura Bitters,8 drops,8.0
Monkey Gland,Gin,2 oz,60.0
Monkey Gland,Orange Juice,1/2 oz,15.0
Monkey Wrench,Bitters,1 dash,1.0
Monkey Wrench,Light Rum,1 1/2 oz,45.0
Monkey Wrench,Grapefruit Juice,3 oz,90.0
Moranguito,Absinthe,2/5,12.0
Moranguito,Grenadine,1/5,6.0
Moranguito,Tequila,2/5,12.0
Moscow Mule,Vodka,2 oz,60.0
Moscow Mule,Lime Juice,2 oz,60.0
Moscow Mule,Ginger Ale,8 oz,240.0
Mother's Milk,Milk,1 oz,30.0
Mother's Milk,Butterscotch Schnapps,1 oz,30.0
Mother's Milk,Goldschlager,1 oz,30.0
Mudslinger,Southern Comfort,750 ml,750.0
Mudslinger,Orange Juice,1 l,1000.0
Mudslinger,Pepsi Cola,750 ml,750.0
Mulled Wine,Water,3 cups,711.0
Mulled Wine,Red Wine,750 ml,750.0
Mulled Wine,Cinnamon,2,60.0
Mulled Wine,Lemon Peel,1,30.0
National Aquarium,Sour Mix,2 oz,60.0
National Aquarium,Rum,1/2 oz,15.0
National Aquarium,Vodka,1/2 oz,15.0
National Aquarium,Lemon-Lime Soda,1 splash,6.0
National Aquarium,Gin,1/2 oz,15.0
National Aquarium,Blue Curacao,1/2 oz,15.0
Negroni,Sweet Vermouth,1 oz,30.0
Negroni,Campari,1 oz,30.0
Negroni,Gin,1 oz,30.0
New York Lemonade,Absolut Citron,2 oz,60.0
New York Lemonade,Club Soda,1 oz,30.0
New York Lemonade,Lemon Juice Sweetened,2 oz sweetened,60.0
New York Lemonade,Grand Marnier,1 oz,30.0
New York Sour,Blended Whiskey,2 oz,60.0
New York Sour,Lemon,juice of 1/2,22.5
Nutty Irishman,Milk,1 part,30.0
Nutty Irishman,Frangelico,1 part,30.0
Nutty Irishman,Bailey'S Irish Cream,1 part,30.0
Old Fashioned,Angostura Bitters,2 dashes,2.0
Old Fashioned,Bourbon,4.5 cl,45.0
Orange Crush,Triple Sec,1 oz,30.0
Orange Crush,Orange Juice,1 oz,30.0
Orange Crush,Vodka,1 oz,30.0
Orange Oasis,Gin,1 1/2 oz,45.0
Orange Oasis,Orange Juice,4 oz,120.0
Orange Oasis,Cherry Brandy,1/2 oz,15.0
Orange Push-up,Orange Juice,4 oz,120.0
Orange Push-up,Spiced Rum,1.5 oz,45.0
Orange Push-up,Grenadine,0.5 oz,15.0
Orange Push-up,Sour Mix,1 splash,6.0
Orange Whip,Rum,1 oz,30.0
Orange Whip,Vodka,1 oz,30.0
Orange Whip,Orange Juice,4 oz,120.0
Orange Whip,Cream,1 package,60.0
Oreo Mudslide,Kahlua,1 oz,30.0
Oreo Mudslide,Vodka,1 oz,30.0
Oreo Mudslide,Vanilla Ice-Cream,2 scoops,120.0
Oreo Mudslide,Oreo Cookie,1,30.0
Oreo Mudslide,Bailey'S Irish Cream,1 oz,30.0
Orgasm,Amaretto,1/2 oz,15.0
Orgasm,Light Cream,1 oz,30.0
Orgasm,Triple Sec,1/2 oz,15.0
Orgasm,Creme De Cacao White,1/2 oz white,15.0
Orgasm,Vodka,1/2 oz,15.0
Owen's Grandmother's Revenge,Lemonade Frozen,12 oz frozen,360.0
Owen's Grandmother's Revenge,Whiskey,12 oz,360.0
Owen's Grandmother's Revenge,Beer,12 oz,360.0
Paradise,Orange Juice,3 parts,90.0
Paradise,Gin,7 parts,210.0
Paradise,Apricot Brandy,4 parts,120.0
Pina Colada,Light Rum,3 oz,90.0
Pink Gin,Bitters,3 dashes,3.0
Pink Gin,Gin,2 oz,60.0
Pink Lady,Egg White,1,45.0
Pink Lady,Gin,1 1/2 oz,45.0
Pink Panty Pulldowns,Sprite,1 l,1000.0
Pink Panty Pulldowns,Pink Lemonade,2 cups,474.0
Pink Panty Pulldowns,Vodka,2 cups,474.0
Pink Penocha,Cranberry Juice,1 gal,3785.0
Pink Penocha,Everclear,750 ml,750.0
Pink Penocha,Orange Juice,1 gal,3785.0
Pink Penocha,Vodka,1750 ml,1750.0
Pink Penocha,Peach Schnapps,1750 ml,1750.0
Pisco Sour,Pisco,2 oz,60.0
Pisco Sour,Lemon Juice,1 oz,30.0
Pisco Sour,Sugar,1-2 tblsp,22.5
Planter's Punch,Dark Rum,1 part,30.0
Planter's Punch,Orange Juice,2 parts,60.0
Planter's Punch,Orgeat Syrup,1/2 part,15.0
Planter's Punch,Pineapple Juice,1 part,30.0
Popped cherry,Vodka,2 oz,60.0
Popped cherry,Cherry Liqueur,2 oz,60.0
Popped cherry,Cranberry Juice,4 oz,120.0
Popped cherry,Orange Juice,4 oz,120.0
Poppy Cocktail,Creme De Cacao White,3/4 oz white,22.5
Poppy Cocktail,Gin,1 1/2 oz,45.0
Port And Starboard,Green Creme De Menthe,1/2 oz,15.0
Port Wine Cocktail,Port,2 1/2 oz,75.0
Port Wine Flip,Egg,1 whole,45.0
Port Wine Flip,Port,1 1/2 oz,45.0
Porto flip,Brandy,3 parts,90.0
Porto flip,Egg Yolk,2 parts,90.0
Porto flip,Port,9 parts,270.0
Quaker's Cocktail,Lemon,juice of 1/4,11.25
Quaker's Cocktail,Brandy,3/4 oz,22.5
Quaker's Cocktail,Light Rum,3/4 oz,22.5
Quarter Deck Cocktail,Lime,juice of 1/2,15.0
Quarter Deck Cocktail,Sherry Cream,1/3 oz cream,10.0
Quarter Deck Cocktail,Light Rum,1 1/2,37.5
Queen Bee,Sherry Cream,1/2 oz cream,15.0
Queen Bee,Coffee Brandy,1 oz,30.0
Queen Bee,Lime Vodka,1 1/2 oz,45.0
Queen Charlotte,Grenadine,1 oz,30.0
Queen Charlotte,Red Wine,2 oz,60.0
Queen Elizabeth,Gin,1 1/2 oz,45.0
Queen Elizabeth,Dry Vermouth,1/2 oz,15.0
Quentin,Dark Rum,1 1/2 oz,45.0
Quentin,Light Cream,1 oz,30.0
Quentin,Kahlua,1/2 oz,15.0
Quick F**K,Kahlua,1 part,30.0
Quick F**K,Bailey'S Irish Cream,1 part,30.0
Quick F**K,Midori Melon Liqueur,1 part,30.0
Quick-sand,Black Sambuca,25 ml,25.0
Quick-sand,Orange Juice,add 250 ml,250.0
Radioactive Long Island Iced Tea,Chambord Raspberry Liqueur,1 oz,30.0
Radioactive Long Island Iced Tea,Triple Sec,1 oz,30.0
Radioactive Long Island Iced Tea,Midori Melon Liqueur,1 oz,30.0
Radioactive Long Island Iced Tea,Gin,1 oz,30.0
Radioactive Long Island Iced Tea,Rum,1 oz,30.0
Radioactive Long Island Iced Tea,Vodka,1 oz,30.0
Radioactive Long Island Iced Tea,Malibu Rum,1 oz,30.0
Radioactive Long Island Iced Tea,Tequila,1 oz,30.0
Radler,Beer,12 oz,360.0
Radler,7-Up,12 oz,360.0
Raspberry Cooler,Raspberry Vodka,2 oz,60.0
Raspberry Cooler,Lemon-Lime Soda,4 oz,120.0
Red Snapper,Amaretto,1 shot,25.0
Red Snapper,Crown Royal,1 shot,25.0
Red Snapper,Cranberry Juice,1 shot,25.0
Rose,Gin,1 oz,30.0
Rose,Apricot Brandy,1/2 oz,15.0
Rose,Dry Vermouth,1/2 oz,15.0
Royal Bitch,Frangelico,1 part,30.0
Royal Bitch,Crown Royal,1 part,30.0
Royal Fizz,Egg,1 whole,45.0
Royal Fizz,Gin,1 oz,30.0
Royal Fizz,Sweet And Sour,2 oz,60.0
Royal Flush,Chambord Raspberry Liqueur,1/2 oz,15.0
Royal Flush,Crown Royal,1 1/2 oz,45.0
Royal Flush,Cranberry Juice,1 oz,30.0
Royal Flush,Peach Schnapps,1 oz,30.0
Royal Gin Fizz,Gin,2 oz,60.0
Royal Gin Fizz,Egg,1 whole,45.0
Royal Gin Fizz,Lemon,juice of 1/2,22.5
Ruby Tuesday,Cranberry Juice,5 oz,150.0
Ruby Tuesday,Grenadine,2 splashes,12.0
Ruby Tuesday,Gin,2 oz,60.0
Rum Cobbler,Lemon,1,30.0
Rum Cobbler,Dark Rum,2 oz,60.0
Rum Cobbler,Sugar Superfine,1 tsp superfine,5.0
Rum Cobbler,Club Soda,3 oz,90.0
Rum Cooler,Lemon,1,30.0
Rum Cooler,Rub Light Or Dark,2 oz light or dark,60.0
Rum Cooler,Lemon-Lime Soda,4 oz,120.0
Rum Milk Punch,Light Rum,2 oz,60.0
Rum Old-fashioned,Bitters,1 dash,1.0
Rum Old-fashioned,Light Rum,1 1/2 oz,45.0
Rum Punch,Rum,mikey bottle,750.0
Rum Punch,Orange Juice Frozen,355 ml frozen,355.0
Rum Punch,Ginger Ale,large bottle,750.0
Rum Punch,Fruit Punch Frozen,355 ml frozen,355.0
Rum Runner,Orange Juice,3-4 oz,105.0
Rum Runner,Pineapple Juice,3-4 oz,105.0
Rum Runner,Malibu Rum,1 1/2 oz,45.0
Rum Runner,Cranberry Juice,3-4 oz,105.0
Rum Runner,Blackberry Brandy,1 oz,30.0
Rum Screwdriver,Light Rum,1 1/2 oz,45.0
Rum Screwdriver,Orange Juice,5 oz,150.0
Rum Sour,Light Rum,2 oz,60.0
Rum Sour,Sugar Superfine,1/2 tsp superfine,2.5
Rum Sour,Lemon Juice,1 oz,30.0
Rum Toddy,Rub Light Or Dark,2 oz light or dark,60.0
Russian Spring Punch,Lemon Juice,2.5 cl,25.0
Russian Spring Punch,Vodka,2.5 cl,25.0
Russian Spring Punch,Creme De Cassis,1.5 cl,15.0
Russian Spring Punch,Sugar Syrup,1 cl,10.0
Rusty Nail,Scotch,1 1/2 oz,45.0
Rusty Nail,Drambuie,1/2 oz,15.0
Salty Dog,Gin,1 1/2 oz,45.0
Salty Dog,Grapefruit Juice,5 oz,150.0
San Francisco,Creme De Banane,2 cl,20.0
San Francisco,Vodka,2 cl,20.0
Sangria #1,Red Wine,1 bottle,750.0
Sangria - The World's Best,Brandy Plain,3-4 oz plain,105.0
Sangria - The World's Best,Red Wine,1 1/2 l,1500.0
Sangria - The World's Best,Orange,1 large,225.0
Sangria - The World's Best,Apple,1 large,100.0
Sangria - The World's Best,Lemon,1 large,45.0
Sazerac,Bourbon,2 oz,60.0
Sazerac,Peychaud Bitters,2 dashes,2.0
Sazerac,Sugar Superfine,1/2 tsp superfine,2.5
Scooter,Light Cream,1 oz,30.0
Scooter,Brandy,1 oz,30.0
Scooter,Amaretto,1 oz,30.0
Scotch Cobbler,Curacao,4 dashes,4.0
Scotch Cobbler,Brandy,4 dashes,4.0
Scotch Cobbler,Scotch,2 oz,60.0
Scotch Sour,Lime,juice of 1/2,15.0
Scotch Sour,Scotch,1 1/2 oz,45.0
Screaming Orgasm,Bailey'S Irish Cream,1 1/2 oz,45.0
Screaming Orgasm,Kahlua,1/2 oz,15.0
Screaming Orgasm,Vodka,1 oz,30.0
Screwdriver,Vodka,2 oz,60.0
Sea breeze,Vodka,1 1/2 oz,45.0
Sea breeze,Grapefruit Juice,1 oz,30.0
Sea breeze,Cranberry Juice,4 oz,120.0
Sex on the Beach,Peach Schnapps,3/4 oz,22.5
Sex on the Beach,Vodka,1 oz,30.0
Shanghai Cocktail,Lemon,juice of 1/4,11.25
Shanghai Cocktail,Light Rum Jamaican,1 oz jamaican,30.0
Shark Attack,Lemonade,1 can,330.0
Shark Attack,Water,3 cans,990.0
Sherry Eggnog,Sherry Cream,2 oz cream,60.0
Sherry Eggnog,Egg,1 whole,45.0
Sherry Flip,Sherry Cream,1 1/2 oz cream,45.0
Sherry Flip,Egg,1 whole,45.0
Shot-gun,Jack Daniels,1 part,30.0
Shot-gun,Wild Turkey,1 oz,30.0
Shot-gun,Jim Beam,1 part,30.0
Sidecar,Cognac,2 oz,60.0
Sidecar,Lemon Juice,1 oz,30.0
Sidecar,Cointreau,1/2 oz,15.0
Sidecar Cocktail,Triple Sec,1/2 oz,15.0
Sidecar Cocktail,Lemon,juice of 1/4,11.25
Sidecar Cocktail,Brandy,1 oz,30.0
Singapore Sling,Grenadine,1/2 oz,15.0
Singapore Sling,Cherry Brandy,1/2 oz,15.0
Singapore Sling,Sweet And Sour,2 oz,60.0
Singapore Sling,Gin,1 oz,30.0
Sloe Gin Cocktail,Sloe Gin,2 oz,60.0
Sloe Gin Cocktail,Orange Bitters,1 dash,1.0
Smut,Red Wine,1/3 part,10.0
Smut,Orange Juice,1/3 part,10.0
Smut,Peach Schnapps,1 shot,25.0
Smut,Pepsi Cola,1/3 part,10.0
Snake Bite (UK),Lager,1/2 pint,236.5
Snake Bite (UK),White Or Red Wine,1/2 pint sweet or dry,60.0
Snakebite and Black,Blackcurrant Squash,a little bit of,5.0
Snakebite and Black,Cider,1/2 pint,236.5
Snakebite and Black,Lager,1/2 pint,236.5
Snowball,Lemonade Cold,8-10 oz cold,270.0
Snowball,Advocaat,1 1/2 oz,45.0
Sol Y Sombra,Anisette,1 1/2 oz,45.0
Sol Y Sombra,Brandy,1 1/2 oz,45.0
Space Odyssey,Malibu Rum,1 shot,25.0
Space Odyssey,Pineapple Juice,1 shot,25.0
Space Odyssey,151 Proof Rum,1 shot bacardi,25.0
Spritz,Prosecco,6 cl,60.0
Spritz,Campari,4 cl,40.0
Stinger,Brandy,1 1/2 oz,45.0
Stinger,White Creme De Menthe,1/2 oz,15.0
Stone Sour,Apricot Brandy,1 oz,30.0
Stone Sour,Sweet And Sour,1 oz,30.0
Stone Sour,Orange Juice,1 oz,30.0
Strawberry Daiquiri,Light Rum,1 oz,30.0
Strawberry Daiquiri,Strawberry Schnapps,1/2 oz,15.0
Strawberry Daiquiri,Strawberries,1 oz,30.0
Strawberry Daiquiri,Lime Juice,1 oz,30.0
Strawberry Margarita,Triple Sec,1/2 oz,15.0
Strawberry Margarita,Strawberry Schnapps,1/2 oz,15.0
Strawberry Margarita,Tequila,1 oz,30.0
Strawberry Margarita,Strawberries,1 oz,30.0
Strawberry Margarita,Lemon Juice,1 oz,30.0
Sunny Holiday Punch,Berries,2 cups,474.0
Sunny Holiday Punch,Orange Juice Frozen,6 oz frozen,180.0
Sunny Holiday Punch,Pineapple Juice,46 oz chilled,1380.0
Sunny Holiday Punch,Champagne,1 bottle,750.0
Sunny Holiday Punch,Club Soda,28 oz,840.0
Sunny Holiday Punch,Lemon,1,30.0
Surf City Lifesaver,Gin,2 parts,60.0
Surf City Lifesaver,Ouzo,1 part,30.0
Surf City Lifesaver,Grand Marnier,1/2 part,15.0
Surf City Lifesaver,Bailey'S Irish Cream,1 part,30.0
Swedish Coffee,Aquavit,4 cl,40.0
Sweet Tooth,Godiva Liqueur,2 shots,50.0
Talos Coffee,Grand Marnier,3 parts,90.0
Talos Coffee,Coffee,1 part,30.0
Tennesee Mud,Jack Daniels,4 oz,120.0
Tennesee Mud,Coffee,8 oz,240.0
Tennesee Mud,Amaretto,4 oz,120.0
Tequila Fizz,Egg White,1,45.0
Tequila Fizz,Tequila,2 oz,60.0
Tequila Fizz,Grenadine,3/4 oz,22.5
Tequila Sour,Tequila,2 oz,60.0
Tequila Sour,Lemon,juice of 1/2,22.5
Tequila Sunrise,Tequila,2 measures,60.0
Tequila Surprise,Tequila,full glass,44.0
Tequila Surprise,Tabasco Sauce,about 8 drops,8.0
Texas Rattlesnake,Yukon Jack,1 part,30.0
Texas Rattlesnake,Southern Comfort,1 part,30.0
Texas Rattlesnake,Sweet And Sour,1 splash,6.0
Texas Rattlesnake,Cherry Brandy,1/2 part,15.0
Texas Sling,Amaretto,1/2 oz,15.0
Texas Sling,151 Proof Rum,1/2 oz bacardi,15.0
Texas Sling,Cream,1 oz,30.0
Texas Sling,Irish Cream,1/2 oz,15.0
Texas Sling,Kahlua,1/2 oz,15.0
The Evil Blue Thing,Creme De Cacao,1 1/2 oz,45.0
The Evil Blue Thing,Light Rum,1/2 oz,15.0
The Evil Blue Thing,Blue Curacao,1 oz,30.0
Thriller,Scotch,1 1/2 oz,45.0
Thriller,Green Ginger Wine,1 oz green ginger,30.0
Thriller,Orange Juice,1 oz,30.0
Tom Collins,Club Soda,3 oz,90.0
Tom Collins,Gin,2 oz,60.0
Tom Collins,Lemon Juice,1 oz,30.0
Tom Collins,Sugar Superfine,1 tsp superfine,5.0
Tommy's Margarita,Tequila,4.5 cl,45.0
Tommy's Margarita,Lime Juice,1.5 cl,15.0
Tommy's Margarita,Agave Syrup,2 spoons,10.0
Turf Cocktail,Gin,1 oz,30.0
Turf Cocktail,Bitters,2 dashes,2.0
Turf Cocktail,Dry Vermouth,1 oz,30.0
Turkeyball,Amaretto,3/4 oz,22.5
Turkeyball,Wild Turkey,1 oz,30.0
Turkeyball,Pineapple Juice,1 splash,6.0
Tuxedo Cocktail,Dry Vermouth,1 1/2 oz,45.0
Tuxedo Cocktail,Gin,1 1/2 oz,45.0
Tuxedo Cocktail,Orange Bitters,2 dashes,2.0
Valencia Cocktail,Apricot Brandy,1 1/2 oz,45.0
Valencia Cocktail,Orange Bitters,2 dashes,2.0
Vampiro,Tomato Juice,3 cl,30.0
Vampiro,Sugar Syrup,1 dash,1.0
Vampiro,Tequila,6 cl,60.0
Vampiro,Orange Juice,3 cl,30.0
Vampiro,Lime Juice,1.5 cl,15.0
Van Vleet,Lemon Juice,1 oz,30.0
Van Vleet,Light Rum,3 oz,90.0
Van Vleet,Maple Syrup,1 oz,30.0
Vermouth Cassis,Creme De Cassis,3/4 oz,22.5
Vermouth Cassis,Dry Vermouth,1 1/2 oz,45.0
Vesper,Gin,6 cl,60.0
Vesper,Vodka,1.5 cl,15.0
Vesper,Lillet Blanc,0.75 cl,7.5
Vesuvio,Egg White,1,45.0
Vesuvio,Light Rum,1 oz,30.0
Vesuvio,Sweet Vermouth,1/2 oz,15.0
Vesuvio,Lemon,juice of 1/2,22.5
Veteran,Dark Rum,2 oz,60.0
Veteran,Cherry Brandy,1/2 oz,15.0
Victor,Gin,1 1/2 oz,45.0
Victor,Brandy,1/2 oz,15.0
Victor,Sweet Vermouth,1/2 oz,15.0
Victory Collins,Vodka,1 1/2 oz,45.0
Victory Collins,Grape Juice Unsweetened,3 oz unsweetened,90.0
Victory Collins,Lemon Juice,3 oz,90.0
Vodka And Tonic,Vodka,2 oz,60.0
Vodka Fizz,Half-And-Half,2 oz,60.0
Vodka Fizz,Limeade,2 oz,60.0
Vodka Fizz,Vodka,2 oz,60.0
Vodka Martini,Olive,1,30.0
Vodka Martini,Vodka,1 1/2 oz,45.0
Vodka Martini,Dry Vermouth,3/4 oz,22.5
Vodka Russian,Vodka,2 oz,60.0
Waikiki Beachcomber,Gin,3/4 oz,22.5
Waikiki Beachcomber,Triple Sec,3/4 oz,22.5
Whiskey Sour,Lemon,juice of 1/2,22.5
Whiskey Sour,Blended Whiskey,2 oz,60.0
Whisky Mac,Scotch,1 1/2 oz,45.0
Whisky Mac,Green Ginger Wine,1 oz green ginger,30.0
White Lady,Lemon Juice,2 cl,20.0
White Lady,Triple Sec,3 cl,30.0
White Lady,Gin,4 cl,40.0
White Russian,Coffee Liqueur,1 oz,30.0
White Russian,Vodka,2 oz,60.0
Whitecap Margarita,Lime Juice Fresh,3 tblsp fresh,45.0
Whitecap Margarita,Tequila,2 oz,60.0
Wine Cooler,Lemon-Lime Soda,5 oz,150.0
Wine Cooler,White Or Red Wine,2 oz white or,60.0
Wine Punch,Lemon,2,60.0
Wine Punch,Red Wine,1 bottle,750.0
Yellow Bird,Triple Sec,1.5 cl,15.0
Yellow Bird,Lime Juice,1.5 cl,15.0
Yellow Bird,White Rum,3 cl,30.0
Yellow Bird,Galliano,1.5 cl,15.0
Zambeer,Root Beer,add 10 oz,300.0
Zambeer,Sambuca,1 1/2 oz,45.0
Zenmeister,Jägermeister,1/2 oz,15.0
Zenmeister,Root Beer,1/2 oz,15.0
Ziemes Martini Apfelsaft,Apple Juice,16 cl,160.0
Ziemes Martini Apfelsaft,Vermouth,4 cl,40.0
Zima Blaster,Chambord Raspberry Liqueur,3 oz,90.0
Zima Blaster,Zima,12 oz,360.0
Zimadori Zinger,Zima,12 oz,360.0
Zimadori Zinger,Midori Melon Liqueur,1.5 oz,45.0
Zinger,Surge,4 shots,100.0
Zinger,Peachtree Schnapps,4 shots,100.0
Zipperhead,Chambord Raspberry Liqueur,1 shot,25.0
Zipperhead,Vodka,1 shot,25.0
Zippy's Revenge,Rum,2 oz,60.0
Zippy's Revenge,Kool-Aid Grape,4 oz grape,120.0
Zippy's Revenge,Amaretto,2 oz,60.0
Zizi Coin-coin,Cointreau,5 cl,50.0
Zizi Coin-coin,Lemon Juice,2 cl,20.0
Zizi Coin-coin,Lemon,or lime,20.0
Zorbatini,Vodka,1 1/4 oz stoli,37.5
Zorbatini,Ouzo,1/4 oz,7.5
Zorro,Sambuca,2 cl,20.0
Zorro,Bailey'S Irish Cream,2 cl,20.0
Zorro,White Creme De Menthe,2 cl,20.0
